case_id,행정동,공통_근거,카드_A,카드_B,A_근거일치_1_5,B_근거일치_1_5,A_지역적합_1_5,B_지역적합_1_5,A_실행가능_1_5,B_실행가능_1_5,선호_A_B_동률,판단_근거_및_수정의견
P01,구룡포읍,"[배경 근거 1 — 경상북도 외국인주민 및 다문화가족 실태조사 (경상북도, 이민정책연구원 수행, 2023.11). 포항시는 1권역(포항시·경주시·영천시·경산시·청도군)에 속하지만, 아래 의료 이용행태·서비스 수요·생활 어려움 수치는 경북 전체 집계이며 1권역 단독 수치가 아님. 포항 또는 1권역 고유값처럼 인용하지 말 것.]
아파도 병원에 안/못 가고 다르게 대처한 비율 (경북, 대처 방식별):
  - 병원/의원(한의원) 이용: 62.3%
  - 병원/의원 처방 없이 약국 이용: 16.4%
  - 보건소 이용: 10.1%
  - 본국에서 가져온 약 사용: 5.5%
  - 외국인노동자 무료 진료소 이용: 2.6%
  - 그냥 참는다: 2.1%
경북 거주 시 어려운 점 중 '의료기관 이용': 5점 척도 2.71점
의료상담 및 진료서비스: 이용 경험 31.2%, 요구도 5점 척도 4.02점
경상북도 거주 시 어려운 점 (5점 척도, 점수 높을수록 어려움 큼, 상위 항목):
  - 언어 문제: 3.25점
  - 비자 등 체류자격 취득 및 변경: 3.13점
  - 경제활동 기회 획득: 3.06점
  - 한국인과 관계맺기: 3.06점
  - 자녀 양육 및 교육: 3.05점
차별 경험률: 경북 22.4% (비교: 대구 24.9%, 전국 20.5% — 같은 조사 내 비교치)

[배경 근거 2 — 2024년 전국다문화가족실태조사 연구 (한국여성정책연구원, 여성가족부 연구용역, 2025.5). 전국 결혼이민자·귀화자 16,014가구 대상 — 포항·경북 지역 통계가 아니라 전국 집계치.]
- 최근 1년간 아파도 병원에 가지 못한 경험이 있다는 응답(전국): 4.1%
한국생활 전반의 어려움 (전국, 복수 항목 중 상위):
  - 경제적 어려움: 22.9%
  - 언어 문제: 20.3%
  - 외로움: 19.7%
  - 생활방식·관습·음식 등 문화차이: 19.6%
  - 가족 간 갈등: 6.0%
  - 친구·이웃 사귀기: 5.9%
  - 편견과 차별: 5.5%
  - 공공기관이나 은행 이용: 3.7%
자녀 양육 애로사항 1순위 (전국):
  - 5세 이하: 돌봐줄 사람을 찾기 어려움 (24.6%)
  - 6~24세: 교육비 부담 (24.9%)
차별 경험(전국): 13.0% (장소별 1위: 직장 74.6%)
지원서비스 실제 이용률(21.5%)보다 요구도가 가장 높은 항목(전국): 취업·창업 지원 (5점 척도 2.58점) — 이용률-요구도 갭이 큰 서비스

두 배경 근거 모두 포항 단독 수치가 아니다 — 근거 1에서 제시한 값은 경북 전체 집계이며 1권역 단독값이 아니고, 근거 2는 전국 조사다. 포항 고유 데이터인 것처럼 서술하지 말고, '경북 전체 조사에 따르면' 또는 '전국 조사에 따르면' 식으로 범위를 밝혀 인용할 것.

[이 행정동의 사실 — 아래 수치만 이 행정동 수치로 인용할 수 있음]
- 성격: 읍 지역(도시와 농어촌의 중간 성격)
- 외국인 주민 1,147명, 전체 주민의 15.1% (29개 동 중 외국인 비율 1위)
- 격차 유형: 복합 취약형(수요 높음·접근성 낮음)
- 임계거리(1·3·5km)를 바꿔도 격차 순위는 1위 범위
- 의료 격차 순위: 1위, 점수: 0.88","포항시 구룡포읍은 의료 접근성 격차 1위이고 외국인 주민은 1,147명입니다. 보건소와 협의해 정기 방문 진료 가능 지역과 이동 경로를 먼저 점검합니다.
[근거] 경북 전체 조사에서 의료상담 및 진료서비스 이용 경험은 31.2%, 요구도는 5점 척도 4.02점입니다. 이 수치는 포항 단독 통계가 아닙니다.","[근거] 경북 전체 조사에 따르면 병원/의원 이용 비율은 62.3%라고 합니다.  
포항시 구룡포읍의 외국인 주민 비율은 15.1%로, 읍 주민센터에 외국인 전용 건강 상담 창구를 설치하고 주 2회 간호사가 방문하여 기본 건강 검진 및 언어 지원을 제공합니다.  
이와 함께 지역 내 문화센터에서 모국어별 건강 교육 워크숍을 정기적으로 개최하여 예방 의료 인식을 높입니다.",,,,,,,,
P02,장기면,"[배경 근거 1 — 경상북도 외국인주민 및 다문화가족 실태조사 (경상북도, 이민정책연구원 수행, 2023.11). 포항시는 1권역(포항시·경주시·영천시·경산시·청도군)에 속하지만, 아래 의료 이용행태·서비스 수요·생활 어려움 수치는 경북 전체 집계이며 1권역 단독 수치가 아님. 포항 또는 1권역 고유값처럼 인용하지 말 것.]
아파도 병원에 안/못 가고 다르게 대처한 비율 (경북, 대처 방식별):
  - 병원/의원(한의원) 이용: 62.3%
  - 병원/의원 처방 없이 약국 이용: 16.4%
  - 보건소 이용: 10.1%
  - 본국에서 가져온 약 사용: 5.5%
  - 외국인노동자 무료 진료소 이용: 2.6%
  - 그냥 참는다: 2.1%
경북 거주 시 어려운 점 중 '의료기관 이용': 5점 척도 2.71점
의료상담 및 진료서비스: 이용 경험 31.2%, 요구도 5점 척도 4.02점
경상북도 거주 시 어려운 점 (5점 척도, 점수 높을수록 어려움 큼, 상위 항목):
  - 언어 문제: 3.25점
  - 비자 등 체류자격 취득 및 변경: 3.13점
  - 경제활동 기회 획득: 3.06점
  - 한국인과 관계맺기: 3.06점
  - 자녀 양육 및 교육: 3.05점
차별 경험률: 경북 22.4% (비교: 대구 24.9%, 전국 20.5% — 같은 조사 내 비교치)

[배경 근거 2 — 2024년 전국다문화가족실태조사 연구 (한국여성정책연구원, 여성가족부 연구용역, 2025.5). 전국 결혼이민자·귀화자 16,014가구 대상 — 포항·경북 지역 통계가 아니라 전국 집계치.]
- 최근 1년간 아파도 병원에 가지 못한 경험이 있다는 응답(전국): 4.1%
한국생활 전반의 어려움 (전국, 복수 항목 중 상위):
  - 경제적 어려움: 22.9%
  - 언어 문제: 20.3%
  - 외로움: 19.7%
  - 생활방식·관습·음식 등 문화차이: 19.6%
  - 가족 간 갈등: 6.0%
  - 친구·이웃 사귀기: 5.9%
  - 편견과 차별: 5.5%
  - 공공기관이나 은행 이용: 3.7%
자녀 양육 애로사항 1순위 (전국):
  - 5세 이하: 돌봐줄 사람을 찾기 어려움 (24.6%)
  - 6~24세: 교육비 부담 (24.9%)
차별 경험(전국): 13.0% (장소별 1위: 직장 74.6%)
지원서비스 실제 이용률(21.5%)보다 요구도가 가장 높은 항목(전국): 취업·창업 지원 (5점 척도 2.58점) — 이용률-요구도 갭이 큰 서비스

두 배경 근거 모두 포항 단독 수치가 아니다 — 근거 1에서 제시한 값은 경북 전체 집계이며 1권역 단독값이 아니고, 근거 2는 전국 조사다. 포항 고유 데이터인 것처럼 서술하지 말고, '경북 전체 조사에 따르면' 또는 '전국 조사에 따르면' 식으로 범위를 밝혀 인용할 것.

[이 행정동의 사실 — 아래 수치만 이 행정동 수치로 인용할 수 있음]
- 성격: 면 지역(농어촌, 시설 간 거리가 멀고 대중교통이 드묾)
- 외국인 주민 285명, 전체 주민의 7.3% (29개 동 중 외국인 비율 3위)
- 격차 유형: 복합 취약형(수요 높음·접근성 낮음)
- 임계거리(1·3·5km)를 바꿔도 격차 순위는 2~4위 범위
- 의료 격차 순위: 2위, 점수: 0.72","포항시 장기면은 외국인 주민이 285명이며 전체 주민의 7.3%를 차지합니다.  
[근거] 경북 전체 조사에 따르면 의료기관 이용 어려움 점수는 5점 척도 2.71점입니다, 따라서 장기면 보건지소에 외국인 전용 상담실을 설치하고 주 1회 이동 진료소를 운영하여 언어 지원이 가능한 의료인력을 파견합니다.","포항시 장기면은 의료 접근성 격차 2위이고 외국인 주민은 285명입니다. 보건소와 협의해 정기 방문 진료 가능 지역과 이동 경로를 먼저 점검합니다.
[근거] 경북 전체 조사에서 의료상담 및 진료서비스 이용 경험은 31.2%, 요구도는 5점 척도 4.02점입니다. 이 수치는 포항 단독 통계가 아닙니다.",,,,,,,,
P03,호미곶면,"[배경 근거 1 — 경상북도 외국인주민 및 다문화가족 실태조사 (경상북도, 이민정책연구원 수행, 2023.11). 포항시는 1권역(포항시·경주시·영천시·경산시·청도군)에 속하지만, 아래 의료 이용행태·서비스 수요·생활 어려움 수치는 경북 전체 집계이며 1권역 단독 수치가 아님. 포항 또는 1권역 고유값처럼 인용하지 말 것.]
아파도 병원에 안/못 가고 다르게 대처한 비율 (경북, 대처 방식별):
  - 병원/의원(한의원) 이용: 62.3%
  - 병원/의원 처방 없이 약국 이용: 16.4%
  - 보건소 이용: 10.1%
  - 본국에서 가져온 약 사용: 5.5%
  - 외국인노동자 무료 진료소 이용: 2.6%
  - 그냥 참는다: 2.1%
경북 거주 시 어려운 점 중 '의료기관 이용': 5점 척도 2.71점
의료상담 및 진료서비스: 이용 경험 31.2%, 요구도 5점 척도 4.02점
경상북도 거주 시 어려운 점 (5점 척도, 점수 높을수록 어려움 큼, 상위 항목):
  - 언어 문제: 3.25점
  - 비자 등 체류자격 취득 및 변경: 3.13점
  - 경제활동 기회 획득: 3.06점
  - 한국인과 관계맺기: 3.06점
  - 자녀 양육 및 교육: 3.05점
차별 경험률: 경북 22.4% (비교: 대구 24.9%, 전국 20.5% — 같은 조사 내 비교치)

[배경 근거 2 — 2024년 전국다문화가족실태조사 연구 (한국여성정책연구원, 여성가족부 연구용역, 2025.5). 전국 결혼이민자·귀화자 16,014가구 대상 — 포항·경북 지역 통계가 아니라 전국 집계치.]
- 최근 1년간 아파도 병원에 가지 못한 경험이 있다는 응답(전국): 4.1%
한국생활 전반의 어려움 (전국, 복수 항목 중 상위):
  - 경제적 어려움: 22.9%
  - 언어 문제: 20.3%
  - 외로움: 19.7%
  - 생활방식·관습·음식 등 문화차이: 19.6%
  - 가족 간 갈등: 6.0%
  - 친구·이웃 사귀기: 5.9%
  - 편견과 차별: 5.5%
  - 공공기관이나 은행 이용: 3.7%
자녀 양육 애로사항 1순위 (전국):
  - 5세 이하: 돌봐줄 사람을 찾기 어려움 (24.6%)
  - 6~24세: 교육비 부담 (24.9%)
차별 경험(전국): 13.0% (장소별 1위: 직장 74.6%)
지원서비스 실제 이용률(21.5%)보다 요구도가 가장 높은 항목(전국): 취업·창업 지원 (5점 척도 2.58점) — 이용률-요구도 갭이 큰 서비스

두 배경 근거 모두 포항 단독 수치가 아니다 — 근거 1에서 제시한 값은 경북 전체 집계이며 1권역 단독값이 아니고, 근거 2는 전국 조사다. 포항 고유 데이터인 것처럼 서술하지 말고, '경북 전체 조사에 따르면' 또는 '전국 조사에 따르면' 식으로 범위를 밝혀 인용할 것.

[이 행정동의 사실 — 아래 수치만 이 행정동 수치로 인용할 수 있음]
- 성격: 면 지역(농어촌, 시설 간 거리가 멀고 대중교통이 드묾)
- 외국인 주민 197명, 전체 주민의 10.9% (29개 동 중 외국인 비율 2위)
- 격차 유형: 복합 취약형(수요 높음·접근성 낮음)
- 임계거리(1·3·5km)를 바꿔도 격차 순위는 2~3위 범위
- 의료 격차 순위: 3위, 점수: 0.71","[근거] 경북 전체 조사에 따르면 병원/의원 이용률은 62.3%이며, 의료기관 이용 어려움 점수는 2.71점입니다.  
호미곶면의 농촌 특성과 외국인 주민 비율 10.9%를 고려해, 면 사무소 내에 정기적으로 방문하는 이동 진료팀을 운영하고, 기존 보건지소에 통역 가능한 간호사를 상주시켜 기본 진료 및 의료기관 연계 서비스를 제공합니다.","포항시 호미곶면은 의료 접근성 격차 3위이고 외국인 주민은 197명입니다. 보건소와 협의해 정기 방문 진료 가능 지역과 이동 경로를 먼저 점검합니다.
[근거] 경북 전체 조사에서 의료상담 및 진료서비스 이용 경험은 31.2%, 요구도는 5점 척도 4.02점입니다. 이 수치는 포항 단독 통계가 아닙니다.",,,,,,,,
P04,대송면,"[배경 근거 1 — 경상북도 외국인주민 및 다문화가족 실태조사 (경상북도, 이민정책연구원 수행, 2023.11). 포항시는 1권역(포항시·경주시·영천시·경산시·청도군)에 속하지만, 아래 의료 이용행태·서비스 수요·생활 어려움 수치는 경북 전체 집계이며 1권역 단독 수치가 아님. 포항 또는 1권역 고유값처럼 인용하지 말 것.]
아파도 병원에 안/못 가고 다르게 대처한 비율 (경북, 대처 방식별):
  - 병원/의원(한의원) 이용: 62.3%
  - 병원/의원 처방 없이 약국 이용: 16.4%
  - 보건소 이용: 10.1%
  - 본국에서 가져온 약 사용: 5.5%
  - 외국인노동자 무료 진료소 이용: 2.6%
  - 그냥 참는다: 2.1%
경북 거주 시 어려운 점 중 '의료기관 이용': 5점 척도 2.71점
의료상담 및 진료서비스: 이용 경험 31.2%, 요구도 5점 척도 4.02점
경상북도 거주 시 어려운 점 (5점 척도, 점수 높을수록 어려움 큼, 상위 항목):
  - 언어 문제: 3.25점
  - 비자 등 체류자격 취득 및 변경: 3.13점
  - 경제활동 기회 획득: 3.06점
  - 한국인과 관계맺기: 3.06점
  - 자녀 양육 및 교육: 3.05점
차별 경험률: 경북 22.4% (비교: 대구 24.9%, 전국 20.5% — 같은 조사 내 비교치)

[배경 근거 2 — 2024년 전국다문화가족실태조사 연구 (한국여성정책연구원, 여성가족부 연구용역, 2025.5). 전국 결혼이민자·귀화자 16,014가구 대상 — 포항·경북 지역 통계가 아니라 전국 집계치.]
- 최근 1년간 아파도 병원에 가지 못한 경험이 있다는 응답(전국): 4.1%
한국생활 전반의 어려움 (전국, 복수 항목 중 상위):
  - 경제적 어려움: 22.9%
  - 언어 문제: 20.3%
  - 외로움: 19.7%
  - 생활방식·관습·음식 등 문화차이: 19.6%
  - 가족 간 갈등: 6.0%
  - 친구·이웃 사귀기: 5.9%
  - 편견과 차별: 5.5%
  - 공공기관이나 은행 이용: 3.7%
자녀 양육 애로사항 1순위 (전국):
  - 5세 이하: 돌봐줄 사람을 찾기 어려움 (24.6%)
  - 6~24세: 교육비 부담 (24.9%)
차별 경험(전국): 13.0% (장소별 1위: 직장 74.6%)
지원서비스 실제 이용률(21.5%)보다 요구도가 가장 높은 항목(전국): 취업·창업 지원 (5점 척도 2.58점) — 이용률-요구도 갭이 큰 서비스

두 배경 근거 모두 포항 단독 수치가 아니다 — 근거 1에서 제시한 값은 경북 전체 집계이며 1권역 단독값이 아니고, 근거 2는 전국 조사다. 포항 고유 데이터인 것처럼 서술하지 말고, '경북 전체 조사에 따르면' 또는 '전국 조사에 따르면' 식으로 범위를 밝혀 인용할 것.

[이 행정동의 사실 — 아래 수치만 이 행정동 수치로 인용할 수 있음]
- 성격: 면 지역(농어촌, 시설 간 거리가 멀고 대중교통이 드묾)
- 외국인 주민 225명, 전체 주민의 7.1% (29개 동 중 외국인 비율 4위)
- 격차 유형: 복합 취약형(수요 높음·접근성 낮음)
- 임계거리(1·3·5km)를 바꿔도 격차 순위는 3~5위 범위
- 의료 격차 순위: 4위, 점수: 0.64","포항시 대송면은 의료 접근성 격차 4위이고 외국인 주민은 225명입니다. 보건소와 협의해 정기 방문 진료 가능 지역과 이동 경로를 먼저 점검합니다.
[근거] 경북 전체 조사에서 의료상담 및 진료서비스 이용 경험은 31.2%, 요구도는 5점 척도 4.02점입니다. 이 수치는 포항 단독 통계가 아닙니다.","[근거] 경북 전체 조사에 따르면 병원/의원 이용 비율은 62.3%이며, 의료기관 이용 어려움 점수는 2.71점입니다.  
포항시 대송면의 외국인 주민 비율은 7.1%이며, 면 지역 특성상 대중교통이 제한적이므로 이동 진료 차량을 정기적으로 운영하여 기본 진료와 건강 상담을 제공합니다.  
또한, 다국어 안내판과 전화 통역 서비스를 보건지소에 배치하여 약국 이용 시 처방전 확인 및 복용 방법을 안내함으로써 처방 없이 약국을 이용하는 비율 16.4%를 보완합니다.",,,,,,,,
P05,동해면,"[배경 근거 1 — 경상북도 외국인주민 및 다문화가족 실태조사 (경상북도, 이민정책연구원 수행, 2023.11). 포항시는 1권역(포항시·경주시·영천시·경산시·청도군)에 속하지만, 아래 의료 이용행태·서비스 수요·생활 어려움 수치는 경북 전체 집계이며 1권역 단독 수치가 아님. 포항 또는 1권역 고유값처럼 인용하지 말 것.]
아파도 병원에 안/못 가고 다르게 대처한 비율 (경북, 대처 방식별):
  - 병원/의원(한의원) 이용: 62.3%
  - 병원/의원 처방 없이 약국 이용: 16.4%
  - 보건소 이용: 10.1%
  - 본국에서 가져온 약 사용: 5.5%
  - 외국인노동자 무료 진료소 이용: 2.6%
  - 그냥 참는다: 2.1%
경북 거주 시 어려운 점 중 '의료기관 이용': 5점 척도 2.71점
의료상담 및 진료서비스: 이용 경험 31.2%, 요구도 5점 척도 4.02점
경상북도 거주 시 어려운 점 (5점 척도, 점수 높을수록 어려움 큼, 상위 항목):
  - 언어 문제: 3.25점
  - 비자 등 체류자격 취득 및 변경: 3.13점
  - 경제활동 기회 획득: 3.06점
  - 한국인과 관계맺기: 3.06점
  - 자녀 양육 및 교육: 3.05점
차별 경험률: 경북 22.4% (비교: 대구 24.9%, 전국 20.5% — 같은 조사 내 비교치)

[배경 근거 2 — 2024년 전국다문화가족실태조사 연구 (한국여성정책연구원, 여성가족부 연구용역, 2025.5). 전국 결혼이민자·귀화자 16,014가구 대상 — 포항·경북 지역 통계가 아니라 전국 집계치.]
- 최근 1년간 아파도 병원에 가지 못한 경험이 있다는 응답(전국): 4.1%
한국생활 전반의 어려움 (전국, 복수 항목 중 상위):
  - 경제적 어려움: 22.9%
  - 언어 문제: 20.3%
  - 외로움: 19.7%
  - 생활방식·관습·음식 등 문화차이: 19.6%
  - 가족 간 갈등: 6.0%
  - 친구·이웃 사귀기: 5.9%
  - 편견과 차별: 5.5%
  - 공공기관이나 은행 이용: 3.7%
자녀 양육 애로사항 1순위 (전국):
  - 5세 이하: 돌봐줄 사람을 찾기 어려움 (24.6%)
  - 6~24세: 교육비 부담 (24.9%)
차별 경험(전국): 13.0% (장소별 1위: 직장 74.6%)
지원서비스 실제 이용률(21.5%)보다 요구도가 가장 높은 항목(전국): 취업·창업 지원 (5점 척도 2.58점) — 이용률-요구도 갭이 큰 서비스

두 배경 근거 모두 포항 단독 수치가 아니다 — 근거 1에서 제시한 값은 경북 전체 집계이며 1권역 단독값이 아니고, 근거 2는 전국 조사다. 포항 고유 데이터인 것처럼 서술하지 말고, '경북 전체 조사에 따르면' 또는 '전국 조사에 따르면' 식으로 범위를 밝혀 인용할 것.

[이 행정동의 사실 — 아래 수치만 이 행정동 수치로 인용할 수 있음]
- 성격: 면 지역(농어촌, 시설 간 거리가 멀고 대중교통이 드묾)
- 외국인 주민 149명, 전체 주민의 1.6% (29개 동 중 외국인 비율 11위)
- 격차 유형: 복합 취약형(수요 높음·접근성 낮음)
- 임계거리(1·3·5km)를 바꿔도 격차 순위는 6~13위 범위
- 의료 격차 순위: 6위, 점수: 0.51","포항시 동해면은 의료 접근성 격차 6위이고 외국인 주민은 149명입니다. 보건소와 협의해 정기 방문 진료 가능 지역과 이동 경로를 먼저 점검합니다.
[근거] 경북 전체 조사에서 의료상담 및 진료서비스 이용 경험은 31.2%, 요구도는 5점 척도 4.02점입니다. 이 수치는 포항 단독 통계가 아닙니다.","[근거] 경북 전체 조사에 따르면 병원/의원 이용 비율은 62.3%이며, 의료기관 이용 어려움 점수는 2.71점입니다.  
포항시 동해면의 외국인 주민 비율은 1.6%이며, 면 지역 특성을 고려해 마을 회관에서 주 2회 보건소 간호사가 방문하여 기본 검진과 상담을 제공하고, 필요 시 원격 진료를 통해 병원과 연결합니다.  
또한, 면 소재지 복지센터에 외국인 주민을 위한 상담실을 마련하고, 예약 시 마을버스나 택시 이용 바우처를 제공하여 이동 거리를 줄입니다.",,,,,,,,
